{
  "rules": {
    "database": {
      "storeconfigs": {
        ".read": true,
        ".write": "auth != null"
      }
    },
    "functions": [
      {
        "source": "functions",
        "codebase": "default",
        "ignore": [
          "node_modules",
          ".git",
          "firebase-debug.log",
          "firebase-debug.*.log"
        ],
        "predeploy": ["npm --prefix \"$RESOURCE_DIR\" run build"]
      }
    ],
    "hosting": {
      "public": "public",
      "ignore": ["firebase.json", "**/.*", "**/node_modules/**"]
    }
  }
}
